Node Name,Mass
AAAA.2,0.4521034
AAAA.3,0.4521034
BBBB.1,0.9133334
BBBB.2,0.9133334
BBBB.3,0.9133334
CCCC.1,0.58
CCCC.2,0.58
CCCC.3,0.58
DDDD.1,2.638803
DDDD.2,2.638803
DDDD.3,2.638803
